<?xml version="1.0" encoding="UTF-8" ?>
<XMLDB PATH="mod/pdfjsfolder/db" VERSION="20131018" COMMENT="XMLDB file for Moodle mod/pdfjsfolder"
    xmlns:xsi="http://www.w3.org/2001/XMLSchema-instance"
    xsi:noNamespaceSchemaLocation="../../../lib/xmldb/xmldb.xsd"
>
  <TABLES>
    <TABLE NAME="pdfjsfolder" COMMENT="">
      <FIELDS>
        <FIELD NAME="id" TYPE="int" LENGTH="10" NOTNULL="true" SEQUENCE="true" NEXT="course"/>
        <FIELD NAME="course" TYPE="int" LENGTH="10" NOTNULL="true" SEQUENCE="false" COMMENT="Course pdfjsfolder activity belongs to" PREVIOUS="id" NEXT="name"/>
        <FIELD NAME="name" TYPE="char" LENGTH="255" NOTNULL="true" SEQUENCE="false" COMMENT="name field for moodle instances" PREVIOUS="course" NEXT="intro"/>
        <FIELD NAME="intro" TYPE="text" NOTNULL="false" SEQUENCE="false" COMMENT="General introduction of the pdfjsfolder activity" PREVIOUS="name" NEXT="introformat"/>
        <FIELD NAME="introformat" TYPE="int" LENGTH="4" NOTNULL="true" DEFAULT="0" SEQUENCE="false" COMMENT="Format of the intro field (MOODLE, HTML, MARKDOWN...)" PREVIOUS="intro" NEXT="display"/>
        <FIELD NAME="display" TYPE="int" LENGTH="4" NOTNULL="true" DEFAULT="0" SEQUENCE="false" COMMENT="Display type of folder contents - on a separate page or inline" PREVIOUS="introformat" NEXT="showexpanded"/>
        <FIELD NAME="showexpanded" TYPE="int" LENGTH="1" NOTNULL="true" UNSIGNED="false" DEFAULT="1" SEQUENCE="false" COMMENT="1 = expanded, 0 = collapsed for sub-folders" PREVIOUS="display" NEXT="openinnewtab"/>
        <FIELD NAME="openinnewtab" TYPE="int" LENGTH="1" NOTNULL="true" UNSIGNED="false" DEFAULT="1" SEQUENCE="false" COMMENT="1 = opens in new tab, 0 = opens in existing tab" PREVIOUS="showexpanded" NEXT="timecreated"/>
        <FIELD NAME="timecreated" TYPE="int" LENGTH="10" NOTNULL="true" DEFAULT="0" SEQUENCE="false" PREVIOUS="openinnewtab" NEXT="timemodified"/>
        <FIELD NAME="timemodified" TYPE="int" LENGTH="10" NOTNULL="true" DEFAULT="0" SEQUENCE="false" PREVIOUS="timecreated"/>
      </FIELDS>
      <KEYS>
        <KEY NAME="primary" TYPE="primary" FIELDS="id"/>
      </KEYS>
      <INDEXES>
        <INDEX NAME="course" UNIQUE="false" FIELDS="course"/>
      </INDEXES>
    </TABLE>
  </TABLES>
</XMLDB>
